id,name,email,phone
1,John Smith,john@example.com,123-456-7890
2,Emily Johnson,emily@example.com,456-789-0123
3,Michael Davis,michael@example.com,789-012-3456
4,Sarah Wilson,sarah@example.com,012-345-6789
5,David Martinez,david@example.com,345-678-9012
6,Jessica Lee,jessica@example.com,678-901-2345
7,Daniel Brown,daniel@example.com,901-234-5678
8,Olivia Garcia,olivia@example.com,234-567-8901
9,James Taylor,james@example.com,567-890-1234
10,Sophia Nguyen,sophia@example.com,890-123-4567
11,Ethan Anderson,ethan@example.com,123-456-7890
12,Mia Thomas,mia@example.com,456-789-0123
13,Alexander White,alexander@example.com,789-012-3456
14,Chloe Walker,chloe@example.com,012-345-6789
15,Grace Harris,grace@example.com,345-678-9012
16,Benjamin Clark,benjamin@example.com,678-901-2345
17,Lily Lewis,lily@example.com,901-234-5678
18,Samuel Hall,samuel@example.com,234-567-8901
19,Victoria Allen,victoria@example.com,567-890-1234
20,Andrew Scott,andrew@example.com,890-123-4567
